{
  "name": "Default Container",
  "image": "ghcr.io/rocker-org/rstudio:4.3.1",
  "features": {
    "ghcr.io/rocker-org/devcontainer-features/r-rig:1": {
      "vscodeRSupport": false,
      "installJupyterlab": false,
      "installREnv": false,
      "installRMarkdown": false
    },
    "ghcr.io/rocker-org/devcontainer-features/quarto-cli:1": {
      "version": "prerelease",
      "installTinyTex": true,
      "installChromium": true
    }
  },
  "postCreateCommand": "Rscript -e 'install.packages(\"languageserver\");' -e '.libPaths(c(\"/home/rstudio/R/x86_64-pc-linux-gnu-library/4.3\")); install.packages(\"renv\"); renv::restore();'",
  "postAttachCommand": "sudo rstudio-server start",
  "customizations": {
    "vscode": {
      "extensions": [
        "REditorSupport.r",
        "sumneko.lua"
      ]
    }
  },
  "forwardPorts": [
    8787
  ],
  "portsAttributes": {
    "8787": {
      "label": "Rstudio",
      "requireLocalPort": true,
      "onAutoForward": "ignore"
    }
  },
  "codespaces": {
    "openFiles": [
      "index.qmd"
    ]
  }
}