{
  "name": "Default Container",
  "image": "mcr.microsoft.com/devcontainers/base:ubuntu",
  "features": {
    "ghcr.io/rocker-org/devcontainer-features/r-rig:1": {
      "vscodeRSupport": true,
      "installJupyterlab": false,
      "installREnv": true,
      "installRMarkdown": true
    },
    "ghcr.io/rocker-org/devcontainer-features/quarto-cli:1": {
      "version": "prerelease",
      "installTinyTex": true,
      "installChromium": true
    }
  },
  "postCreateCommand": "Rscript -e 'renv::restore();'",
  "postAttachCommand": "sudo rstudio-server start",
  "customizations": {
    "vscode": {
      "extensions": [
        "REditorSupport.r",
        "sumneko.lua"
      ]
    }
  },
  "forwardPorts": [
    8787
  ],
  "portsAttributes": {
    "8787": {
      "label": "Rstudio",
      "requireLocalPort": true,
      "onAutoForward": "ignore"
    }
  },
  "codespaces": {
    "openFiles": [
      "index.qmd"
    ]
  }
}