{
  "name": "Default Container",
  "image": "ghcr.io/rocker-org/rstudio:4.3.1",
  "features": {
    "ghcr.io/rocker-org/devcontainer-features/r-rig:1": {
      "vscodeRSupport": false,
      "installJupyterlab": false,
      "installREnv": true,
      "installRMarkdown": true
    },
    "ghcr.io/rocker-org/devcontainer-features/quarto-cli:1": {
      "version": "prerelease",
      "installTinyTex": true,
      "installChromium": false
    }
  },
  "postCreateCommand": "R -e \"renv::restore()\"",
  "postAttachCommand": "sudo rstudio-server start",
  "forwardPorts": [
    8787
  ],
  "portsAttributes": {
    "8787": {
      "label": "Rstudio",
      "requireLocalPort": true,
      "onAutoForward": "ignore"
    }
  },
  "codespaces": {
    "openFiles": [
      "index.qmd"
    ]
  }
}